{"ehz":-0.289572,"idq_d":-2.466468,"idq_q":1.984509,"vbus":71.573586}
{"ehz":-0.304831,"idq_d":-2.492521,"idq_q":2.034848,"vbus":71.573586}
{"ehz":-0.286520,"idq_d":-2.518569,"idq_q":2.083591,"vbus":71.573586}
{"ehz":-0.249898,"idq_d":-2.479655,"idq_q":2.020687,"vbus":71.497925}
{"ehz":-0.295674,"idq_d":-2.476305,"idq_q":2.029601,"vbus":71.573586}
{"ehz":-0.307880,"idq_d":-2.462451,"idq_q":1.970626,"vbus":71.598808}
{"ehz":-0.259052,"idq_d":-2.483010,"idq_q":2.058093,"vbus":71.573586}
{"ehz":-0.274310,"idq_d":-2.475438,"idq_q":2.022765,"vbus":71.598808}
{"ehz":-0.289569,"idq_d":-2.550992,"idq_q":2.102716,"vbus":71.548363}
{"ehz":-0.307879,"idq_d":-2.511055,"idq_q":2.038172,"vbus":71.573586}
{"ehz":42.877571,"idq_d":0.982501,"idq_q":26.069023,"vbus":71.523148}
{"ehz":101.846596,"idq_d":0.689450,"idq_q":34.410641,"vbus":71.497925}
{"ehz":188.290680,"idq_d":0.482127,"idq_q":37.412769,"vbus":71.523148}
{"ehz":279.113953,"idq_d":0.503097,"idq_q":39.066895,"vbus":71.422264}
{"ehz":355.325714,"idq_d":-28.647945,"idq_q":24.235893,"vbus":43.655350}
{"ehz":399.747131,"idq_d":-29.969488,"idq_q":24.763445,"vbus":46.429520}
{"ehz":433.255371,"idq_d":-30.017832,"idq_q":25.198269,"vbus":50.893410}
{"ehz":472.134552,"idq_d":-29.648699,"idq_q":25.013048,"vbus":55.912136}
{"ehz":508.398376,"idq_d":-29.702719,"idq_q":25.306587,"vbus":59.064602}
{"ehz":542.325073,"idq_d":-29.898708,"idq_q":24.647587,"vbus":64.032890}
{"ehz":578.754150,"idq_d":-29.888647,"idq_q":24.819851,"vbus":67.992386}
{"ehz":610.898254,"idq_d":-29.807518,"idq_q":24.652493,"vbus":71.371826}
{"ehz":636.690247,"idq_d":-31.152109,"idq_q":15.635234,"vbus":71.876221}
{"ehz":633.557312,"idq_d":-30.095966,"idq_q":10.455032,"vbus":71.598808}
{"ehz":631.130188,"idq_d":-29.757292,"idq_q":10.750645,"vbus":71.472710}
{"ehz":631.442810,"idq_d":-29.956781,"idq_q":11.777863,"vbus":71.497925}
{"ehz":632.248169,"idq_d":-29.951298,"idq_q":11.686696,"vbus":71.497925}
{"ehz":631.757019,"idq_d":-29.910482,"idq_q":11.245772,"vbus":71.447487}
{"ehz":631.399231,"idq_d":-29.927408,"idq_q":11.712237,"vbus":71.371826}
{"ehz":630.579956,"idq_d":-29.789911,"idq_q":11.744620,"vbus":71.296165}
{"ehz":630.619446,"idq_d":-29.828970,"idq_q":11.984899,"vbus":71.472710}
{"ehz":632.511169,"idq_d":-30.087439,"idq_q":11.785256,"vbus":71.371826}
{"ehz":630.123779,"idq_d":-30.000074,"idq_q":11.669880,"vbus":71.397049}
{"ehz":630.288818,"idq_d":-30.077942,"idq_q":11.710744,"vbus":71.497925}
{"ehz":630.133423,"idq_d":-30.114752,"idq_q":11.535454,"vbus":71.548363}
{"ehz":629.960876,"idq_d":-30.027138,"idq_q":11.233616,"vbus":71.674461}
{"ehz":629.506470,"idq_d":-30.031237,"idq_q":11.324803,"vbus":71.573586}
{"ehz":-0.197136,"idq_d":1.000021,"idq_q":5.563477,"vbus":84.536530}
{"ehz":-0.258171,"idq_d":1.035042,"idq_q":5.676440,"vbus":83.578178}
{"ehz":-0.297844,"idq_d":1.073235,"idq_q":5.646243,"vbus":82.367630}
{"ehz":-0.236809,"idq_d":1.022539,"idq_q":5.606273,"vbus":81.308403}
{"ehz":-0.175774,"idq_d":1.028001,"idq_q":5.599673,"vbus":79.996979}
{"ehz":-0.114738,"idq_d":1.015872,"idq_q":5.575776,"vbus":78.937744}
{"ehz":-0.053703,"idq_d":0.985237,"idq_q":5.549711,"vbus":77.878517}
{"ehz":0.007332,"idq_d":1.042785,"idq_q":5.642128,"vbus":77.071487}
{"ehz":0.068367,"idq_d":0.980646,"idq_q":5.538987,"vbus":75.860939}
{"ehz":-85.963730,"idq_d":0.913921,"idq_q":5.488269,"vbus":75.079124}
{"ehz":445.171112,"idq_d":-0.542596,"idq_q":-0.221739,"vbus":74.019897}
{"ehz":434.206238,"idq_d":-0.497088,"idq_q":0.265448,"vbus":73.111992}
{"ehz":416.674133,"idq_d":-0.481829,"idq_q":-0.399601,"vbus":72.002319}
{"ehz":406.189636,"idq_d":-0.527887,"idq_q":0.265649,"vbus":71.195290}
{"ehz":385.467163,"idq_d":-0.707350,"idq_q":-0.146547,"vbus":70.186501}
{"ehz":382.995300,"idq_d":0.230343,"idq_q":-0.047879,"vbus":69.404686}
{"ehz":368.606415,"idq_d":0.216638,"idq_q":-0.446627,"vbus":72.204079}
{"ehz":358.328461,"idq_d":0.022652,"idq_q":0.268554,"vbus":71.296165}
{"ehz":334.732422,"idq_d":-0.462310,"idq_q":-0.666427,"vbus":71.699684}
{"ehz":316.702301,"idq_d":-0.863465,"idq_q":-0.149892,"vbus":71.674461}
{"ehz":304.483154,"idq_d":-0.809522,"idq_q":-0.500599,"vbus":71.598808}
{"ehz":302.941956,"idq_d":0.160472,"idq_q":-0.610771,"vbus":71.598808}
{"ehz":280.490356,"idq_d":-1.020866,"idq_q":-0.029448,"vbus":71.699684}
{"ehz":288.657104,"idq_d":-0.030933,"idq_q":0.208595,"vbus":71.699684}
{"ehz":275.693451,"idq_d":0.225285,"idq_q":-0.320911,"vbus":71.699684}
{"ehz":266.324371,"idq_d":0.181638,"idq_q":-0.254593,"vbus":71.699684}
{"ehz":257.477295,"idq_d":-0.221028,"idq_q":0.312689,"vbus":71.699684}
{"ehz":223.105103,"idq_d":-1.274375,"idq_q":0.082541,"vbus":71.699684}
{"ehz":214.206116,"idq_d":-0.651658,"idq_q":-1.198019,"vbus":71.598808}
{"ehz":227.069275,"idq_d":0.159003,"idq_q":-0.207547,"vbus":71.649246}
{"ehz":185.555969,"idq_d":-1.607236,"idq_q":-0.368188,"vbus":71.598808}
{"ehz":186.685318,"idq_d":-0.075086,"idq_q":-1.167869,"vbus":71.649246}
{"ehz":195.856018,"idq_d":-0.994502,"idq_q":0.470763,"vbus":71.674461}
{"ehz":157.099213,"idq_d":-1.290104,"idq_q":-1.396607,"vbus":71.598808}
{"ehz":168.131683,"idq_d":0.063574,"idq_q":-1.015151,"vbus":71.699684}
{"ehz":180.613358,"idq_d":-0.338834,"idq_q":0.274806,"vbus":71.674461}
{"ehz":169.333984,"idq_d":-1.241820,"idq_q":0.540440,"vbus":71.699684}
{"ehz":167.222321,"idq_d":-1.157283,"idq_q":0.552471,"vbus":71.598808}
{"ehz":158.649811,"idq_d":-0.139347,"idq_q":-0.207933,"vbus":71.598808}
{"ehz":102.158661,"idq_d":-0.669004,"idq_q":-2.292891,"vbus":71.598808}
{"ehz":129.310150,"idq_d":-2.309973,"idq_q":0.372416,"vbus":71.598808}
{"ehz":78.742661,"idq_d":-2.175183,"idq_q":-2.375050,"vbus":71.598808}
{"ehz":71.912712,"idq_d":-1.798789,"idq_q":-3.031080,"vbus":71.598808}
{"ehz":57.963215,"idq_d":-2.994909,"idq_q":-1.948968,"vbus":71.598808}
{"ehz":-2.534832,"idq_d":-0.675121,"idq_q":-5.257206,"vbus":71.548363}
{"ehz":-18.391785,"idq_d":-2.221280,"idq_q":-5.076692,"vbus":71.649246}
{"ehz":-22.423159,"idq_d":-2.114614,"idq_q":-5.037122,"vbus":71.598808}
{"ehz":3.211626,"idq_d":-0.446351,"idq_q":-5.495158,"vbus":71.598808}
{"ehz":-22.688622,"idq_d":-1.711546,"idq_q":-5.318895,"vbus":71.598808}
{"ehz":-11.760274,"idq_d":-0.980701,"idq_q":-5.344641,"vbus":71.598808}
{"ehz":7.120935,"idq_d":-0.709228,"idq_q":-5.551761,"vbus":71.497925}
{"ehz":0.092746,"idq_d":-0.450427,"idq_q":-5.700530,"vbus":71.598808}
{"ehz":6.400720,"idq_d":-1.160583,"idq_q":-5.548295,"vbus":71.573586}
{"ehz":-0.252107,"idq_d":-0.427754,"idq_q":-5.576615,"vbus":71.548363}
{"ehz":0.016450,"idq_d":-0.400861,"idq_q":-5.601105,"vbus":71.598808}
{"ehz":0.281950,"idq_d":-0.370569,"idq_q":-5.676400,"vbus":71.497925}
{"ehz":-0.221589,"idq_d":-0.375891,"idq_q":-5.686378,"vbus":71.497925}
{"ehz":-0.288726,"idq_d":-0.366972,"idq_q":-5.658144,"vbus":71.598808}
{"ehz":-0.239898,"idq_d":-0.377475,"idq_q":-5.721264,"vbus":71.548363}
{"ehz":-0.151397,"idq_d":-0.410365,"idq_q":-5.724699,"vbus":71.598808}
{"ehz":-0.303985,"idq_d":-0.344672,"idq_q":-5.610217,"vbus":71.598808}
{"ehz":-0.291778,"idq_d":-0.400119,"idq_q":-5.587966,"vbus":71.598808}
