{"ehz":0.132143,"idq_d":5.208490,"idq_q":-0.042676,"vbus":71.573586}
{"ehz":0.068056,"idq_d":5.401839,"idq_q":-0.001979,"vbus":71.573586}
{"ehz":-0.063170,"idq_d":5.303030,"idq_q":-0.058418,"vbus":71.624023}
{"ehz":-0.304259,"idq_d":5.234960,"idq_q":-0.003269,"vbus":71.624023}
{"ehz":0.000917,"idq_d":5.254334,"idq_q":-0.029982,"vbus":71.497925}
{"ehz":0.290834,"idq_d":5.343429,"idq_q":-0.028457,"vbus":71.497925}
{"ehz":0.138246,"idq_d":5.325011,"idq_q":-0.017489,"vbus":71.598808}
{"ehz":0.132143,"idq_d":5.210478,"idq_q":-0.022112,"vbus":71.573586}
{"ehz":-0.212706,"idq_d":5.244255,"idq_q":-0.103300,"vbus":71.573586}
{"ehz":-0.121153,"idq_d":5.183778,"idq_q":-0.086008,"vbus":71.624023}
{"ehz":-0.243223,"idq_d":5.196774,"idq_q":-0.053800,"vbus":71.573586}
{"ehz":-2.290952,"idq_d":3.869806,"idq_q":0.290675,"vbus":71.598808}
{"ehz":29.126909,"idq_d":-0.647043,"idq_q":18.008213,"vbus":71.548363}
{"ehz":73.157684,"idq_d":1.136148,"idq_q":27.819094,"vbus":71.472710}
{"ehz":145.426529,"idq_d":0.334310,"idq_q":32.271194,"vbus":71.497925}
{"ehz":223.877991,"idq_d":0.475947,"idq_q":34.433250,"vbus":71.472710}
{"ehz":305.903351,"idq_d":0.413068,"idq_q":36.012661,"vbus":71.472710}
{"ehz":380.585815,"idq_d":0.250842,"idq_q":37.139950,"vbus":68.042824}
{"ehz":431.351013,"idq_d":-19.788395,"idq_q":26.466047,"vbus":56.290432}
{"ehz":474.856537,"idq_d":-19.781052,"idq_q":26.458784,"vbus":62.292725}
{"ehz":515.454529,"idq_d":-19.823202,"idq_q":26.465681,"vbus":67.689751}
{"ehz":553.253296,"idq_d":-19.758389,"idq_q":26.677639,"vbus":71.674461}
{"ehz":574.334961,"idq_d":-21.101484,"idq_q":14.111084,"vbus":71.775345}
{"ehz":574.258484,"idq_d":-19.951517,"idq_q":9.350108,"vbus":71.573586}
{"ehz":572.244629,"idq_d":-19.885319,"idq_q":11.082645,"vbus":71.422264}
{"ehz":571.695740,"idq_d":-19.994522,"idq_q":11.218625,"vbus":71.699684}
{"ehz":571.323425,"idq_d":-20.170664,"idq_q":11.102590,"vbus":71.497925}
{"ehz":571.302673,"idq_d":-19.991018,"idq_q":11.025189,"vbus":71.447487}
{"ehz":570.867004,"idq_d":-20.000347,"idq_q":11.170115,"vbus":71.472710}
{"ehz":571.577209,"idq_d":-19.932882,"idq_q":10.665607,"vbus":71.497925}
{"ehz":572.267273,"idq_d":-20.097439,"idq_q":10.395532,"vbus":71.497925}
{"ehz":572.798096,"idq_d":-19.995619,"idq_q":11.171606,"vbus":71.472710}
{"ehz":572.056152,"idq_d":-19.881618,"idq_q":11.495924,"vbus":71.422264}
{"ehz":572.208008,"idq_d":-20.072155,"idq_q":11.244200,"vbus":71.447487}
{"ehz":570.120911,"idq_d":-19.938795,"idq_q":11.004020,"vbus":71.497925}
{"ehz":570.858704,"idq_d":-19.935242,"idq_q":10.492525,"vbus":71.598808}
{"ehz":-0.189249,"idq_d":-0.581858,"idq_q":3.137193,"vbus":76.667969}
{"ehz":-0.250284,"idq_d":-0.630465,"idq_q":3.125050,"vbus":75.684402}
{"ehz":96.688820,"idq_d":-0.295722,"idq_q":2.963874,"vbus":74.751274}
{"ehz":509.869171,"idq_d":-0.152330,"idq_q":-0.062716,"vbus":73.767700}
{"ehz":493.865234,"idq_d":-0.137549,"idq_q":-0.050725,"vbus":72.784134}
{"ehz":471.864838,"idq_d":0.040647,"idq_q":0.355809,"vbus":71.724907}
{"ehz":461.962006,"idq_d":-0.232484,"idq_q":0.179090,"vbus":70.766556}
{"ehz":440.276184,"idq_d":0.022851,"idq_q":0.302415,"vbus":71.775345}
{"ehz":431.535065,"idq_d":-0.223133,"idq_q":0.165307,"vbus":71.674461}
{"ehz":409.702332,"idq_d":0.019150,"idq_q":0.402774,"vbus":71.624023}
{"ehz":401.782013,"idq_d":-0.257678,"idq_q":0.236312,"vbus":71.598808}
{"ehz":381.979187,"idq_d":0.251087,"idq_q":0.267910,"vbus":71.674461}
{"ehz":365.615051,"idq_d":0.199765,"idq_q":0.335488,"vbus":71.649246}
{"ehz":361.241852,"idq_d":-0.262843,"idq_q":0.110716,"vbus":71.598808}
{"ehz":341.302338,"idq_d":-0.094352,"idq_q":0.501995,"vbus":71.573586}
{"ehz":329.898224,"idq_d":-0.209091,"idq_q":0.451225,"vbus":71.548363}
{"ehz":327.865845,"idq_d":-0.065988,"idq_q":-0.111025,"vbus":71.724907}
{"ehz":302.371490,"idq_d":-0.155332,"idq_q":0.535174,"vbus":71.573586}
{"ehz":285.354889,"idq_d":0.058737,"idq_q":0.577281,"vbus":71.573586}
{"ehz":275.485138,"idq_d":-0.090059,"idq_q":0.591879,"vbus":71.598808}
{"ehz":273.116852,"idq_d":-0.346657,"idq_q":0.180359,"vbus":71.649246}
{"ehz":261.617279,"idq_d":0.425294,"idq_q":0.317211,"vbus":71.649246}
{"ehz":252.394791,"idq_d":-0.345199,"idq_q":0.195746,"vbus":71.598808}
{"ehz":226.635132,"idq_d":-0.113591,"idq_q":0.761854,"vbus":71.573586}
{"ehz":220.071167,"idq_d":0.416722,"idq_q":0.522102,"vbus":71.724907}
{"ehz":227.908005,"idq_d":0.470694,"idq_q":0.218833,"vbus":71.649246}
{"ehz":223.919601,"idq_d":0.314955,"idq_q":0.024895,"vbus":71.674461}
{"ehz":214.568802,"idq_d":0.190087,"idq_q":-0.024675,"vbus":71.624023}
{"ehz":204.952682,"idq_d":0.173789,"idq_q":-0.042438,"vbus":71.649246}
{"ehz":196.612030,"idq_d":-0.078548,"idq_q":0.024209,"vbus":71.649246}
{"ehz":178.957764,"idq_d":-0.439334,"idq_q":0.263897,"vbus":71.624023}
{"ehz":146.655136,"idq_d":-0.639569,"idq_q":0.807489,"vbus":71.573586}
{"ehz":128.082031,"idq_d":-0.080531,"idq_q":1.266209,"vbus":71.523148}
{"ehz":172.256393,"idq_d":0.499268,"idq_q":0.211848,"vbus":71.624023}
{"ehz":116.296272,"idq_d":-0.647921,"idq_q":1.182660,"vbus":71.548363}
{"ehz":152.676529,"idq_d":-0.131812,"idq_q":0.142594,"vbus":71.598808}
{"ehz":141.616776,"idq_d":0.850302,"idq_q":0.739670,"vbus":71.598808}
{"ehz":134.778122,"idq_d":0.963716,"idq_q":0.787979,"vbus":71.598808}
{"ehz":134.073120,"idq_d":-0.437607,"idq_q":0.504510,"vbus":71.548363}
{"ehz":64.111511,"idq_d":-0.652443,"idq_q":2.087378,"vbus":71.573586}
{"ehz":60.699738,"idq_d":-1.303225,"idq_q":1.672609,"vbus":71.624023}
{"ehz":3.265662,"idq_d":-2.361076,"idq_q":2.110057,"vbus":71.598808}
{"ehz":14.975263,"idq_d":-2.274441,"idq_q":2.317701,"vbus":71.573586}
{"ehz":-11.092863,"idq_d":-2.168133,"idq_q":2.035829,"vbus":71.624023}
{"ehz":-22.091393,"idq_d":-1.818135,"idq_q":2.606004,"vbus":71.624023}
{"ehz":1.819114,"idq_d":-2.350015,"idq_q":2.053298,"vbus":71.573586}
{"ehz":10.028353,"idq_d":-1.987050,"idq_q":2.523542,"vbus":71.573586}
{"ehz":8.523825,"idq_d":-2.149795,"idq_q":2.445029,"vbus":71.598808}
{"ehz":-2.062727,"idq_d":-2.277528,"idq_q":2.167083,"vbus":71.548363}
{"ehz":-1.678208,"idq_d":-1.986418,"idq_q":2.394166,"vbus":71.573586}
{"ehz":-0.228623,"idq_d":-2.416348,"idq_q":2.041746,"vbus":71.598808}
{"ehz":-1.424913,"idq_d":-2.409195,"idq_q":2.062524,"vbus":71.598808}
{"ehz":-0.265245,"idq_d":-2.431803,"idq_q":2.004177,"vbus":71.598808}
{"ehz":-0.304917,"idq_d":-2.444133,"idq_q":1.997635,"vbus":71.598808}
{"ehz":-0.243881,"idq_d":-2.453600,"idq_q":1.970089,"vbus":71.598808}
{"ehz":-0.295760,"idq_d":-2.459356,"idq_q":1.978720,"vbus":71.573586}
{"ehz":-0.295760,"idq_d":-2.435313,"idq_q":2.007599,"vbus":71.573586}
