{"ehz":-0.176784,"idq_d":-0.360965,"idq_q":-5.753088,"vbus":71.598808}
{"ehz":-0.109645,"idq_d":-0.361164,"idq_q":-5.786451,"vbus":71.548363}
{"ehz":-0.301906,"idq_d":-0.341884,"idq_q":-5.742046,"vbus":71.598808}
{"ehz":-0.295802,"idq_d":-0.341850,"idq_q":-5.786009,"vbus":71.598808}
{"ehz":-0.304957,"idq_d":-0.319548,"idq_q":-5.712043,"vbus":71.598808}
{"ehz":-0.280543,"idq_d":-0.365103,"idq_q":-5.659961,"vbus":71.598808}
{"ehz":-0.179835,"idq_d":-0.353976,"idq_q":-5.746127,"vbus":71.598808}
{"ehz":-0.192042,"idq_d":-0.363107,"idq_q":-5.703368,"vbus":71.598808}
{"ehz":-0.243922,"idq_d":-0.393004,"idq_q":-5.618075,"vbus":71.598808}
{"ehz":-0.298853,"idq_d":-0.340358,"idq_q":-5.723368,"vbus":71.497925}
{"ehz":-0.289698,"idq_d":-0.323083,"idq_q":-5.676564,"vbus":71.598808}
{"ehz":-0.289698,"idq_d":-0.343762,"idq_q":-5.690342,"vbus":71.598808}
{"ehz":-0.057764,"idq_d":-0.359945,"idq_q":-5.670023,"vbus":71.598808}
{"ehz":-0.069971,"idq_d":-0.341811,"idq_q":-5.746031,"vbus":71.598808}
{"ehz":-0.292749,"idq_d":-0.305753,"idq_q":-5.685419,"vbus":71.497925}
{"ehz":15.887655,"idq_d":-0.608549,"idq_q":15.290750,"vbus":71.548363}
{"ehz":57.718124,"idq_d":0.241849,"idq_q":31.284904,"vbus":71.523148}
{"ehz":146.655365,"idq_d":0.425788,"idq_q":36.175823,"vbus":71.523148}
{"ehz":235.373230,"idq_d":0.451214,"idq_q":38.104301,"vbus":71.497925}
{"ehz":325.122253,"idq_d":0.462862,"idq_q":38.673462,"vbus":71.523148}
{"ehz":387.459991,"idq_d":-9.534685,"idq_q":28.900835,"vbus":55.332081}
{"ehz":436.174805,"idq_d":-9.845819,"idq_q":28.523081,"vbus":61.763111}
{"ehz":480.913666,"idq_d":-7.006205,"idq_q":30.700895,"vbus":69.909081}
{"ehz":524.587280,"idq_d":-11.667548,"idq_q":20.537853,"vbus":72.103203}
{"ehz":524.589661,"idq_d":-10.195170,"idq_q":7.758245,"vbus":71.649246}
{"ehz":518.999512,"idq_d":-9.783137,"idq_q":10.041921,"vbus":71.573586}
{"ehz":519.276794,"idq_d":-10.031013,"idq_q":10.703912,"vbus":71.548363}
{"ehz":518.352295,"idq_d":-9.769608,"idq_q":10.963184,"vbus":71.548363}
{"ehz":518.334778,"idq_d":-9.951669,"idq_q":10.942122,"vbus":71.523148}
{"ehz":516.836853,"idq_d":-10.018909,"idq_q":10.747471,"vbus":71.497925}
{"ehz":518.850952,"idq_d":-10.046543,"idq_q":10.886346,"vbus":71.775345}
{"ehz":519.489441,"idq_d":-10.001562,"idq_q":10.722047,"vbus":71.497925}
{"ehz":520.667175,"idq_d":-9.896259,"idq_q":10.717447,"vbus":71.472710}
{"ehz":520.951477,"idq_d":-9.997192,"idq_q":10.227280,"vbus":71.397049}
{"ehz":519.880249,"idq_d":-9.950845,"idq_q":10.755093,"vbus":71.472710}
{"ehz":520.691956,"idq_d":-10.075259,"idq_q":10.550101,"vbus":71.497925}
{"ehz":519.111084,"idq_d":-9.905607,"idq_q":10.664993,"vbus":71.497925}
{"ehz":246.597305,"idq_d":-5.197885,"idq_q":3.508195,"vbus":75.079124}
{"ehz":497.066559,"idq_d":0.305420,"idq_q":-0.376376,"vbus":73.944237}
{"ehz":481.213226,"idq_d":-0.043288,"idq_q":-0.420771,"vbus":73.061546}
{"ehz":469.607361,"idq_d":0.300983,"idq_q":0.152751,"vbus":71.926659}
{"ehz":453.845215,"idq_d":0.177986,"idq_q":0.235436,"vbus":71.018753}
{"ehz":431.558380,"idq_d":0.223555,"idq_q":-0.508895,"vbus":71.724907}
{"ehz":419.842499,"idq_d":0.466497,"idq_q":-0.337575,"vbus":71.674461}
{"ehz":408.945007,"idq_d":-0.277098,"idq_q":-0.357565,"vbus":71.775345}
{"ehz":388.907257,"idq_d":-0.035860,"idq_q":-0.557690,"vbus":71.724907}
{"ehz":381.351929,"idq_d":0.235814,"idq_q":0.223289,"vbus":71.624023}
{"ehz":364.952454,"idq_d":0.429993,"idq_q":0.101287,"vbus":71.624023}
{"ehz":357.927368,"idq_d":-0.294139,"idq_q":-0.024964,"vbus":71.724907}
{"ehz":336.411774,"idq_d":0.585174,"idq_q":0.017885,"vbus":71.624023}
{"ehz":322.681976,"idq_d":0.658415,"idq_q":-0.088396,"vbus":71.624023}
{"ehz":318.818024,"idq_d":0.019401,"idq_q":0.219860,"vbus":71.724907}
{"ehz":289.493713,"idq_d":0.531324,"idq_q":-0.830891,"vbus":71.624023}
{"ehz":289.364990,"idq_d":-0.275755,"idq_q":-0.573949,"vbus":71.724907}
{"ehz":280.743835,"idq_d":-0.307565,"idq_q":-0.492285,"vbus":71.724907}
{"ehz":254.962402,"idq_d":0.027339,"idq_q":-0.989159,"vbus":71.624023}
{"ehz":245.767334,"idq_d":0.991886,"idq_q":-0.502667,"vbus":71.624023}
{"ehz":253.384567,"idq_d":-0.233716,"idq_q":0.071370,"vbus":71.624023}
{"ehz":219.851974,"idq_d":0.982693,"idq_q":-0.805007,"vbus":71.573586}
{"ehz":227.814072,"idq_d":-0.344798,"idq_q":-0.719547,"vbus":71.674461}
{"ehz":217.972488,"idq_d":0.574617,"idq_q":0.208585,"vbus":71.624023}
{"ehz":187.418381,"idq_d":1.285301,"idq_q":-0.836235,"vbus":71.624023}
{"ehz":176.480743,"idq_d":0.218724,"idq_q":-1.474701,"vbus":71.624023}
{"ehz":197.986603,"idq_d":-0.188965,"idq_q":-0.056071,"vbus":71.674461}
{"ehz":159.732956,"idq_d":1.433714,"idq_q":-0.242275,"vbus":71.523148}
{"ehz":140.919037,"idq_d":0.604493,"idq_q":-1.759105,"vbus":71.624023}
{"ehz":172.351974,"idq_d":0.430746,"idq_q":0.170622,"vbus":71.624023}
{"ehz":119.379524,"idq_d":1.258990,"idq_q":-1.883554,"vbus":71.573586}
{"ehz":123.591118,"idq_d":1.482739,"idq_q":-0.042755,"vbus":71.573586}
{"ehz":154.108673,"idq_d":0.054062,"idq_q":-0.061806,"vbus":71.624023}
{"ehz":158.185791,"idq_d":-0.303656,"idq_q":-0.698838,"vbus":71.624023}
{"ehz":143.393906,"idq_d":0.509888,"idq_q":-0.070344,"vbus":71.624023}
{"ehz":77.485008,"idq_d":2.819427,"idq_q":-0.663018,"vbus":71.624023}
{"ehz":78.025230,"idq_d":-0.432864,"idq_q":-1.817586,"vbus":71.624023}
{"ehz":57.200031,"idq_d":1.501457,"idq_q":-3.176722,"vbus":71.573586}
{"ehz":-13.606843,"idq_d":4.692134,"idq_q":-2.243829,"vbus":71.624023}
{"ehz":-0.261506,"idq_d":5.019771,"idq_q":-0.245428,"vbus":71.624023}
{"ehz":7.218349,"idq_d":4.808418,"idq_q":-1.682233,"vbus":71.573586}
{"ehz":14.054285,"idq_d":5.085967,"idq_q":-1.228734,"vbus":71.624023}
{"ehz":-19.533358,"idq_d":4.888268,"idq_q":-1.464725,"vbus":71.624023}
{"ehz":8.564160,"idq_d":5.226458,"idq_q":-0.430321,"vbus":71.624023}
{"ehz":5.237744,"idq_d":5.297706,"idq_q":-0.259016,"vbus":71.624023}
{"ehz":-10.112594,"idq_d":5.086189,"idq_q":-1.214556,"vbus":71.624023}
{"ehz":2.021184,"idq_d":5.093543,"idq_q":-1.147384,"vbus":71.624023}
{"ehz":-0.432434,"idq_d":5.317303,"idq_q":-0.224844,"vbus":71.573586}
{"ehz":-2.333680,"idq_d":5.371611,"idq_q":-0.313967,"vbus":71.573586}
{"ehz":0.269469,"idq_d":5.354868,"idq_q":-0.093634,"vbus":71.573586}
{"ehz":0.238952,"idq_d":5.262249,"idq_q":-0.025012,"vbus":71.573586}
{"ehz":-0.054017,"idq_d":5.342485,"idq_q":-0.026474,"vbus":71.573586}
{"ehz":-0.035706,"idq_d":5.302077,"idq_q":-0.035539,"vbus":71.624023}
